id;title;description;start_date_time;end_date_time
1;Administrator Home Rest;Creative;2020-12-03T14:55:52;2020-12-03T15:22:04
2;Dynamic Mauritius;Nevada Pants;2020-12-03T06:32:29;2020-12-03T18:25:26
3;Licensed Som;Checking Account;2020-12-03T10:13:27;2020-12-04T00:36:05
4;Gloves;product online Drive;2020-12-03T01:37:13;2020-12-03T23:17:32
5;Shoes revolutionize deposit;yellow;2020-12-03T07:25:59;2020-12-03T04:59:31
6;Credit Card Account Haiti Borders;navigating Right-sized;2020-12-03T08:53:11;2020-12-03T14:12:58
7;Awesome;e-enable Developer contingency;2020-12-03T15:20:14;2020-12-03T23:10:17
8;Handcrafted Monitored;Marketing generate;2020-12-03T19:11:35;2020-12-03T05:12:23
9;conglomeration Implemented Assistant;Response Burundi conglomeration;2020-12-03T18:42:21;2020-12-03T07:08:44
10;Ethiopian Birr Response;lime open-source Unbranded;2020-12-03T03:16:47;2020-12-03T16:38:21
